Workbook

Sheet RADIAL OFFSET METHOD
A1: Data Give
A2: Radius | B2: 450
A3: Radial Offset Method
A4: Offset Distance | B4: Ox , Offset
A5: 10 | B5: =SQRT(($B$2^2)+($A5^2))-$B$2 -> 0.1110974
A6: 20 | B6: =SQRT(($B$2^2)+($A6^2))-$B$2 -> 0.44422518
A7: 30 | B7: =SQRT(($B$2^2)+($A7^2))-$B$2 -> 0.99889135
A8: 40 | B8: =SQRT(($B$2^2)+($A8^2))-$B$2 -> 1.7742799
A9: 50 | B9: =SQRT(($B$2^2)+($A9^2))-$B$2 -> 2.7692569
A10: 60 | B10: =SQRT(($B$2^2)+($A10^2))-$B$2 -> 3.9823785
A11: 70 | B11: =SQRT(($B$2^2)+($A11^2))-$B$2 -> 5.4119015
A12: 80 | B12: =SQRT(($B$2^2)+($A12^2))-$B$2 -> 7.0557953
A13: 90 | B13: =SQRT(($B$2^2)+($A13^2))-$B$2 -> 8.9117562
A14: 100 | B14: =SQRT(($B$2^2)+($A14^2))-$B$2 -> 10.977223
A15: 110 | B15: =SQRT(($B$2^2)+($A15^2))-$B$2 -> 13.249393
A16: 120 | B16: =SQRT(($B$2^2)+($A16^2))-$B$2 -> 15.725241
... A44: 400 | B44: =SQRT(($B$2^2)+($A44^2))-$B$2 -> 152.07973

Sheet PERPENDICULAR OFFSET METHOD
A2: Perpendicular Offset Method
A3: Offset Distance | B3: Ox, Offset
A4: 10 | B4: ='RADIAL OFFSET METHOD'!$B$2-SQRT(('RADIAL OFFSET METHOD'!$B$2^2)-($A4^2)) -> 0.11112483
A5: 20 | B5: ='RADIAL OFFSET METHOD'!$B$2-SQRT(('RADIAL OFFSET METHOD'!$B$2^2)-($A5^2)) -> 0.44466414
A6: 30 | B6: ='RADIAL OFFSET METHOD'!$B$2-SQRT(('RADIAL OFFSET METHOD'!$B$2^2)-($A6^2)) -> 1.0011136
A7: 40 | B7: ='RADIAL OFFSET METHOD'!$B$2-SQRT(('RADIAL OFFSET METHOD'!$B$2^2)-($A7^2)) -> 1.7813034
A8: 50 | B8: ='RADIAL OFFSET METHOD'!$B$2-SQRT(('RADIAL OFFSET METHOD'!$B$2^2)-($A8^2)) -> 2.7864045
A9: 60 | B9: ='RADIAL OFFSET METHOD'!$B$2-SQRT(('RADIAL OFFSET METHOD'!$B$2^2)-($A9^2)) -> 4.0179376
A10: 70 | B10: ='RADIAL OFFSET METHOD'!$B$2-SQRT(('RADIAL OFFSET METHOD'!$B$2^2)-($A10^2)) -> 5.4777846
A11: 80 | B11: ='RADIAL OFFSET METHOD'!$B$2-SQRT(('RADIAL OFFSET METHOD'!$B$2^2)-($A11^2)) -> 7.1682035
A12: 90 | B12: ='RADIAL OFFSET METHOD'!$B$2-SQRT(('RADIAL OFFSET METHOD'!$B$2^2)-($A12^2)) -> 9.0918463
A13: 100 | B13: ='RADIAL OFFSET METHOD'!$B$2-SQRT(('RADIAL OFFSET METHOD'!$B$2^2)-($A13^2)) -> 11.251781
A14: 110 | B14: ='RADIAL OFFSET METHOD'!$B$2-SQRT(('RADIAL OFFSET METHOD'!$B$2^2)-($A14^2)) -> 13.651515
A15: 120 | B15: ='RADIAL OFFSET METHOD'!$B$2-SQRT(('RADIAL OFFSET METHOD'!$B$2^2)-($A15^2)) -> 16.295031
... A43: 400 | B43: ='RADIAL OFFSET METHOD'!$B$2-SQRT(('RADIAL OFFSET METHOD'!$B$2^2)-($A43^2)) -> 243.84472
